<?xml version="1.0" encoding="ISO-8859-1" ?>
<!DOCTYPE struts-config PUBLIC "-//Apache Software Foundation//DTD Struts Configuration 1.1//EN" "http://jakarta.apache.org/struts/dtds/struts-config_1_1.dtd">
<struts-config>
    <!-- ========== form bean definitions ================================== -->
    <form-beans>
    <form-bean name="KualiForm" type="org.kuali.rice.kns.web.struts.form.KualiForm" />
      <form-bean name="ActionListForm" type="org.kuali.rice.kew.actionlist.web.ActionListForm" />
      <form-bean name="DocumentSearchForm" type="org.kuali.rice.kew.docsearch.web.DocumentSearchForm" />
      <form-bean name="PreferencesForm" type="org.kuali.rice.kew.preferences.web.PreferencesForm" />
      <form-bean name="LookupForm" type="org.kuali.rice.kew.lookupable.LookupForm" />
      <form-bean name="ActionListFilterForm" type="org.kuali.rice.kew.actionlist.web.ActionListFilterForm" />
      <form-bean name="BackdoorForm" type="org.kuali.rice.kew.web.backdoor.BackdoorForm" />
      <form-bean name="DocumentTypeStartForm" type="org.kuali.rice.kew.doctype.web.DocumentTypeStartForm" />
      <form-bean name="RouteLogForm" type="org.kuali.rice.kew.routelog.web.RouteLogForm" />
      <form-bean name="DocHandlerForm" type="org.kuali.rice.kew.routing.web.DocHandlerForm" />
      <form-bean name="SuperUserForm" type="org.kuali.rice.kew.superuser.web.SuperUserForm"/>
      <form-bean name="ApplicationConstantsForm" type="org.kuali.rice.kew.applicationconstants.web.ApplicationConstantsForm" />
      <form-bean name="RuleAttributeReportForm" type="org.kuali.rice.kew.rule.web.RuleAttributeReportForm" />
      <form-bean name="RuleTemplateForm" type="org.kuali.rice.kew.rule.web.RuleTemplateForm" />
      <form-bean name="Rule2Form" type="org.kuali.rice.kew.rule.web.Rule2Form" />
      <form-bean name="RoutingReportForm" type="org.kuali.rice.kew.rule.web.RoutingReportForm" />
      <form-bean name="FeedbackForm" type="org.kuali.rice.kew.feedback.web.FeedbackForm"/>
      <form-bean name="DocumentTypeForm" type="org.kuali.rice.kew.doctype.web.DocumentTypeForm" />
      <form-bean name="StatsForm" type="org.kuali.rice.kew.stats.web.StatsForm" />
      <form-bean name="RouteManagerDriverForm" type="org.kuali.rice.kew.routemanager.web.RouteManagerDriverForm"/>
      <form-bean name="QuickLinksForm" type="org.kuali.rice.kew.quicklinks.web.QuickLinksForm"/>
      <form-bean name="RuleQuickLinkForm" type="org.kuali.rice.kew.rule.web.RuleQuickLinksForm" />
      <form-bean name="DocumentOperationForm" type="org.kuali.rice.kew.documentoperation.web.DocumentOperationForm" />
      <form-bean name="NoteForm" type="org.kuali.rice.kew.notes.web.NoteForm" />
      <form-bean name="HelpForm" type="org.kuali.rice.kew.help.web.HelpForm" />
      <form-bean name="IngesterForm" type="org.kuali.rice.kew.batch.web.IngesterForm" />
      <form-bean name="RemoveReplaceForm" type="org.kuali.rice.kew.removereplace.web.RemoveReplaceForm"/>


    </form-beans>

    <!-- =================== exception handler definitions ================= -->
    <global-exceptions>
		  <exception handler="org.kuali.rice.kew.web.StrutsExceptionHandler" key="error.global.message"
                 path="/WEB-INF/jsp/Error.jsp" scope="request" type="java.lang.Exception"/>
    </global-exceptions>

    <!-- ========== global forward definitions ============================= -->
    <global-forwards type="org.apache.struts.action.ActionForward">
   	    <forward name="WorkflowError" path="/WEB-INF/jsp/Error.jsp" />
   	    <forward name="DeleteRouteHeaderConfirmation" path="/WEB-INF/jsp/DeleteRouteHeaderConfirmation.jsp" />
   	    <forward name="NotAuthorized" path="/WEB-INF/jsp/NotAuthorized.jsp" />
    </global-forwards>

    <!--  ========== action mapping definitions ============================= -->
    <action-mappings>

      <action path="/RuleQuickLinks" scope="request" type="org.kuali.rice.kew.rule.web.RuleQuickLinksAction"
      	attribute="KualiForm" parameter="methodToCall" name="RuleQuickLinkForm">
      	<forward name="basic" path="/WEB-INF/jsp/rules/RuleQuickLinks.jsp" />
	    <forward name="requiredStateError" path="/WEB-INF/jsp/rules/RuleQuickLinks.jsp"/>
        <forward name="finalStateError" path="/WEB-INF/jsp/rules/RuleQuickLinks.jsp"/>
      </action>

      <action path="/DocumentSearch" name="DocumentSearchForm" scope="request" validate="false" input="/WEB-INF/jsp/docsearch/DocumentSearch.jsp" type="org.kuali.rice.kew.docsearch.web.DocumentSearchAction" parameter="methodToCall">
        <forward name="success" path="/WEB-INF/jsp/docsearch/DocumentSearch.jsp"/>
        <forward name="requiredStateError" path="/WEB-INF/jsp/docsearch/DocumentSearch.jsp"/>
        <forward name="finalStateError" path="/WEB-INF/jsp/docsearch/DocumentSearch.jsp"/>
      </action>

      <action path="/ApplicationConstants" name="ApplicationConstantsForm" scope="request" validate="true"
        input="/WEB-INF/jsp/applicationconstants/ApplicationConstants.jsp"
        type="org.kuali.rice.kew.applicationconstants.web.ApplicationConstantsAction" parameter="methodToCall">
        <forward name="start" path="/WEB-INF/jsp/applicationconstants/ApplicationConstants.jsp"/>
        <forward name="restart" path="/ApplicationConstants.do?methodToCall=start" redirect="true"/>
     	<forward name="edit" path="/WEB-INF/jsp/applicationconstants/ApplicationConstants.jsp"/>
     	<forward name="confirmDelete" path="/WEB-INF/jsp/applicationconstants/ConfirmDeleteConstant.jsp"/>
        <forward name="requiredStateError" path="/WEB-INF/jsp/applicationconstants/ApplicationConstants.jsp"/>
        <forward name="finalStateError" path="/WEB-INF/jsp/applicationconstants/ApplicationConstants.jsp"/>
      </action>

      <action path="/SuperUser" type="org.kuali.rice.kew.superuser.web.SuperUserAction" input="/WEB-INF/jsp/superuser/SuperUser.jsp" name="SuperUserForm" scope="request" parameter="methodToCall">
		 <forward name="basic" path="/WEB-INF/jsp/superuser/SuperUser.jsp" />
		 <forward name="actionTaken" path="/WEB-INF/jsp/DocHandlerActionTaken.jsp" />
        <forward name="requiredStateError" path="/WEB-INF/jsp/superuser/SuperUser.jsp"/>
        <forward name="finalStateError" path="/WEB-INF/jsp/superuser/SuperUser.jsp"/>
      </action>

      <action path="/Error" scope="request" validate="false" type="org.kuali.rice.kew.web.ModuleRelativeForwardAction"
             parameter="/WEB-INF/jsp/Error.jsp"/>

      <action path="/ActionList" scope="request" validate="false" parameter="methodToCall"
        type="org.kuali.rice.kew.actionlist.web.ActionListAction" name="ActionListForm"
        input="/WEB-INF/jsp/ActionList/ActionList.jsp" >
        <forward name="viewActionList" path="/WEB-INF/jsp/ActionList/ActionList.jsp"/>
        <forward name="count" path="/WEB-INF/jsp/ActionList/ActionListCount.jsp"/>
        <forward name="requiredStateError" path="/WEB-INF/jsp/ActionList/ActionList.jsp"/>
        <forward name="finalStateError" path="/WEB-INF/jsp/ActionList/ActionList.jsp"/>
      </action>

      <action path="/ActionListFilter" scope="request" validate="false" name="ActionListFilterForm"
        input="/WEB-INF/jsp/ActionList/ActionListFilter.jsp"
        type="org.kuali.rice.kew.actionlist.web.ActionListFilterAction" parameter="methodToCall">
        <forward name="viewFilter" path="/WEB-INF/jsp/ActionList/ActionListFilter.jsp" />
        <forward name="viewActionList" path="/ActionList.do?methodToCall=start" redirect="true" />
        <forward name="requiredStateError" path="/WEB-INF/jsp/ActionList/ActionListFilter.jsp"/>
        <forward name="finalStateError" path="/WEB-INF/jsp/ActionList/ActionListFilter.jsp"/>
      </action>

      <action path="/Preferences" name="PreferencesForm" scope="request" validate="false"
        input="/WEB-INF/jsp/Preferences/Preferences.jsp" parameter="methodToCall"
        type="org.kuali.rice.kew.preferences.web.PreferencesAction">
        <forward name="viewPreferences" path="/WEB-INF/jsp/Preferences/Preferences.jsp"/>
        <forward name="viewActionList" path="/ActionList.do?methodToCall=start" redirect="true"/>
        <forward name="requiredStateError" path="/WEB-INF/jsp/Preferences/Preferences.jsp"/>
        <forward name="finalStateError" path="/WEB-INF/jsp/Preferences/Preferences.jsp"/>
      </action>

      <action path="/Lookup" name="LookupForm" scope="request" validate="false" input="/WEB-INF/jsp/lookupable/Lookup.jsp" type="org.kuali.rice.kew.lookupable.LookupAction" parameter="methodToCall">
        <forward name="basic" path="/WEB-INF/jsp/lookupable/Lookup.jsp"/>
        <forward name="requiredStateError" path="/WEB-INF/jsp/lookupable/Lookup.jsp"/>
        <forward name="finalStateError" path="/WEB-INF/jsp/lookupable/Lookup.jsp"/>
      </action>

	    <action path="/DocumentTypeStart" name="DocumentTypeStartForm" scope="request" validate="false" input="/WEB-INF/jsp/doctype/DocTypeStart.jsp" type="org.kuali.rice.kew.doctype.web.DocumentTypeStartAction" parameter="methodToCall">
	      <forward name="basic" path="/WEB-INF/jsp/doctype/DocTypeStart.jsp"/>
	      <forward name="save" path="/WEB-INF/jsp/doctype/DocTypeStart.jsp"/>
          <forward name="requiredStateError" path="/WEB-INF/jsp/doctype/DocTypeStart.jsp"/>
          <forward name="finalStateError" path="/WEB-INF/jsp/doctype/DocTypeStart.jsp"/>
	    </action>

	    <action path="/RefreshDocumentTypeStart" name="DocumentTypeStartForm" scope="request" validate="false" input="/WEB-INF/jsp/doctype/DocTypeStart.jsp" type="org.kuali.rice.kew.doctype.web.DocumentTypeStartAction" parameter="methodToCall">
	      <forward name="basic" path="/WEB-INF/jsp/doctype/DocTypeStart.jsp"/>
          <forward name="requiredStateError" path="/WEB-INF/jsp/doctype/DocTypeStart.jsp"/>
          <forward name="finalStateError" path="/WEB-INF/jsp/doctype/DocTypeStart.jsp"/>
	    </action>

      <action path="/Backdoor" name="BackdoorForm" scope="request" parameter="methodToCall"
        input="/WEB-INF/jsp/backdoor/Backdoor.jsp"
        type="org.kuali.rice.kew.web.backdoor.BackdoorAction">
        <forward name="viewBackdoor" path="/WEB-INF/jsp/backdoor/Backdoor.jsp"/>
        <forward name="viewPortal" path="/WEB-INF/jsp/backdoor/index.jsp"/>
        <forward name="requiredStateError" path="/WEB-INF/jsp/backdoor/Backdoor.jsp"/>
        <forward name="finalStateError" path="/WEB-INF/jsp/backdoor/Backdoor.jsp"/>
      </action>

      <action path="/Portal" name="BackdoorForm" scope="request" parameter="methodToCall"
      	input="/WEB-INF/jsp/backdoor/index.jsp"
      	type="org.kuali.rice.kew.web.backdoor.BackdoorAction">
      	<forward name="viewPortal" path="/WEB-INF/jsp/backdoor/index.jsp"/>
      </action>

      <action path="/Administration" name="BackdoorForm" scope="request" parameter="methodToCall"
        type="org.kuali.rice.kew.web.backdoor.BackdoorAction">
        <forward name="administration" path="/WEB-INF/jsp/backdoor/Admin.jsp"/>
      </action>

      <action path="/Stats" name="StatsForm" scope="request" validate="false"
          input="/WEB-INF/jsp/stats/StatsReport.jsp"
          type="org.kuali.rice.kew.stats.web.StatsAction" parameter="methodToCall">
          <forward name="basic" path="/WEB-INF/jsp/stats/StatsReport.jsp"/>
          <forward name="requiredStateError" path="/WEB-INF/jsp/stats/StatsReport.jsp"/>
          <forward name="finalStateError" path="/WEB-INF/jsp/stats/StatsReport.jsp"/>
      </action>

      <action path="/RouteLog" name="RouteLogForm" attribute="KualiForm" scope="request" parameter="methodToCall"
        input="/WEB-INF/jsp/routelog/RouteLog.jsp"
        type="org.kuali.rice.kew.routelog.web.RouteLogAction">
        <forward name="viewRouteLog" path="/WEB-INF/jsp/routelog/RouteLog.jsp" />
        <!-- forward name="documentLocked" path="/WEB-INF/jsp/DocumentLocked.jsp" /-->
        <forward name="requiredStateError" path="/WEB-INF/jsp/routelog/RouteLog.jsp"/>
        <forward name="finalStateError" path="/WEB-INF/jsp/routelog/RouteLog.jsp"/>
      </action>

      <action path="/DocHandler" name="DocHandlerForm" scope="request" parameter="methodToCall"
        type="org.kuali.rice.kew.routing.web.ClientAppDocHandlerRedirectAction" >
        <!-- forward name="documentLocked" path="/WEB-INF/jsp/DocumentLocked.jsp" /-->
        <forward name="requiredStateError" path="/WEB-INF/jsp/DocumentLocked.jsp"/>
        <forward name="finalStateError" path="/WEB-INF/jsp/DocumentLocked.jsp"/>
      </action>

       <action path="/WorkflowDocHandler" name="DocHandlerForm" scope="request" parameter="methodToCall"
        type="org.kuali.rice.kew.routing.web.WorkflowDocHandlerAction">
        <forward name="actionTaken" path="/WEB-INF/jsp/DocHandlerActionTaken.jsp" />
        <forward name="requiredStateError" path="/WEB-INF/jsp/DocHandlerActionTaken.jsp"/>
        <forward name="finalStateError" path="/WEB-INF/jsp/DocHandlerActionTaken.jsp"/>
       </action>

       <action path="/DocumentType" name="DocumentTypeForm" scope="request" validate="false"
          input="/WEB-INF/jsp/doctype/DocumentTypeReport.jsp"
          type="org.kuali.rice.kew.doctype.web.DocumentTypeAction" parameter="methodToCall">
          <forward name="basic" path="/WEB-INF/jsp/doctype/DocumentTypeReport.jsp"/>
          <forward name="report" path="/WEB-INF/jsp/doctype/DocumentTypeReport.jsp"/>
          <forward name="requiredStateError" path="/WEB-INF/jsp/doctype/DocumentTypeReport.jsp"/>
          <forward name="finalStateError" path="/WEB-INF/jsp/doctype/DocumentTypeReport.jsp"/>
       </action>

       <action path="/DocumentTypeCreateNew"
         type="org.apache.struts.actions.ForwardAction"
         parameter="/WEB-INF/jsp/doctype/DocumentType.jsp"/>

       <action path="/RuleAttributeReport" type="org.kuali.rice.kew.rule.web.RuleAttributeReportAction"
               input="/WEB-INF/jsp/routetemplate/RuleAttributeReport.jsp"
               name="RuleAttributeReportForm" scope="request" parameter="methodToCall">
          <forward path="/WEB-INF/jsp/routetemplate/RuleAttributeReport.jsp" name="basic" />
          <forward name="requiredStateError" path="/WEB-INF/jsp/routetemplate/RuleAttributeReport.jsp"/>
          <forward name="finalStateError" path="/WEB-INF/jsp/routetemplate/RuleAttributeReport.jsp"/>
       </action>

       <action path="/RuleTemplate" type="org.kuali.rice.kew.rule.web.RuleTemplateAction"
          input="/WEB-INF/jsp/routetemplate/RuleTemplateReport.jsp"
          name="RuleTemplateForm" scope="request" parameter="methodToCall">
          <forward path="/WEB-INF/jsp/routetemplate/RuleTemplateReport.jsp" name="report" />
          <forward name="requiredStateError" path="/WEB-INF/jsp/routetemplate/RuleTemplateReport.jsp"/>
          <forward name="finalStateError" path="/WEB-INF/jsp/routetemplate/RuleTemplateReport.jsp"/>
       </action>

       <action path="/Rule" type="org.kuali.rice.kew.rule.web.Rule2Action"
          input="/WEB-INF/jsp/rules/RuleEdit.jsp"
          name="Rule2Form" scope="request" parameter="methodToCall" validate="true">
          <forward path="/WEB-INF/jsp/rules/RuleDocHandler.jsp" name="docHandler" />

          <forward path="/WEB-INF/jsp/rules/RuleEdit.jsp" name="basic" />
          <forward path="/WEB-INF/jsp/routetemplate/RuleGlobal.jsp" name="global" />
          <forward path="/WEB-INF/jsp/rules/RuleReport.jsp" name="report" />
          <forward path="/DelegateRule.do" name="delegateEdit"/>
          <forward name="requiredStateError" path="/WEB-INF/jsp/rules/RuleReport.jsp"/>
          <forward name="finalStateError" path="/WEB-INF/jsp/rules/RuleReport.jsp"/>
       </action>

       <action path="/DelegateRule" type="org.kuali.rice.kew.rule.web.DelegateRule2Action"
          input="/WEB-INF/jsp/rules/DelegateRule.jsp"
          name="Rule2Form" scope="request" parameter="methodToCall" validate="true">
          <forward path="/WEB-INF/jsp/rules/DelegateRule.jsp" name="basic" />
          <forward path="/WEB-INF/jsp/rules/RuleReport.jsp" name="report" />
          <forward name="requiredStateError" path="/WEB-INF/jsp/rules/RuleReport.jsp"/>
          <forward name="finalStateError" path="/WEB-INF/jsp/rules/RuleReport.jsp"/>
       </action>

       <action path="/RoutingReport" type="org.kuali.rice.kew.rule.web.RoutingReportAction"
          input="/WEB-INF/jsp/routetemplate/RoutingReportCriteria.jsp"
          name="RoutingReportForm" scope="request" parameter="methodToCall" validate="true">
          <forward path="/WEB-INF/jsp/routetemplate/RoutingReportCriteria.jsp" name="basic" />
          <forward path="/WEB-INF/jsp/routelog/RouteLog.jsp" name="routeLog" />
          <forward name="requiredStateError" path="/WEB-INF/jsp/routetemplate/RoutingReportCriteria.jsp"/>
          <forward name="finalStateError" path="/WEB-INF/jsp/routetemplate/RoutingReportCriteria.jsp"/>
       </action>

      <action path="/Feedback"
          type="org.kuali.rice.kew.feedback.web.FeedbackAction"
          name="FeedbackForm"
          validate="false"
          parameter="methodToCall"
          scope="request">
          <forward name="start" path="/WEB-INF/jsp/Feedback.jsp" />
          <forward name="sent" path="/WEB-INF/jsp/FeedbackSent.jsp" />
          <forward name="requiredStateError" path="/WEB-INF/jsp/Feedback.jsp"/>
          <forward name="finalStateError" path="/WEB-INF/jsp/Feedback.jsp"/>
      </action>

      <action path="/RouteManagerDriver" name="RouteManagerDriverForm" scope="request" validate="false" type="org.kuali.rice.kew.routemanager.web.RouteManagerDriverAction" parameter="methodToCall">
	      <forward name="basic" path="/WEB-INF/jsp/routemanager/RouteManagerDriver.jsp"/>
	      <forward name="requiredStateError" path="/WEB-INF/jsp/routemanager/RouteManagerDriver.jsp"/>
          <forward name="finalStateError" path="/WEB-INF/jsp/routemanager/RouteManagerDriver.jsp"/>
      </action>

      <action path="/QuickLinks" name="QuickLinksForm" scope="request" validate="false" type="org.kuali.rice.kew.quicklinks.web.QuickLinksAction" parameter="methodToCall">
	      <forward name="basic" path="/WEB-INF/jsp/quicklinks/QuickLinks.jsp"/>
	      <forward name="requiredStateError" path="/WEB-INF/jsp/quicklinks/QuickLinks.jsp"/>
          <forward name="finalStateError" path="/WEB-INF/jsp/quicklinks/QuickLinks.jsp"/>
      </action>

      <action path="/Note" name="NoteForm" scope="request" validate="false"
          input="/WEB-INF/jsp/notes/AllNotesReport.jsp"
          type="org.kuali.rice.kew.notes.web.NoteAction" parameter="methodToCall">
          <forward name="allNotesReport" path="/WEB-INF/jsp/notes/AllNotesReport.jsp" />
          <forward name="requiredStateError" path="/WEB-INF/jsp/notes/AllNotesReport.jsp"/>
          <forward name="finalStateError" path="/WEB-INF/jsp/notes/AllNotesReport.jsp"/>
      </action>

      <action path="/Help" name="HelpForm" scope="request" validate="false"
      	type="org.kuali.rice.kew.help.web.HelpAction" parameter="methodToCall" input="/WEB-INF/jsp/help/HelpEntry.jsp">
      	<forward name="basic" path="/WEB-INF/jsp/help/HelpEntry.jsp"/>
      	<forward name="summary" path="/WEB-INF/jsp/help/HelpSummary.jsp"/>
      	<forward name="getSearch" path="/WEB-INF/jsp/help/HelpSearch.jsp"/>
 		<forward name="report" path="/WEB-INF/jsp/help/HelpReport.jsp"/>
		<forward name="popHelp" path="/WEB-INF/jsp/help/HelpPop.jsp"/>
		<forward name="requiredStateError" path="/WEB-INF/jsp/help/HelpReport.jsp"/>
        <forward name="finalStateError" path="/WEB-INF/jsp/help/HelpReport.jsp"/>
        <forward name="delete" path="/WEB-INF/jsp/help/HelpDelete.jsp"/>
      </action>

	  <action path="/Ingester" name="IngesterForm" scope="request" validate="false"
      	type="org.kuali.rice.kew.batch.web.IngesterAction">
      	<forward name="view" path="/WEB-INF/jsp/batch/ingester.jsp"/>
	  </action>

       <action path="/RemoveReplace" name="RemoveReplaceForm" scope="request" validate="true"
         input="/WEB-INF/jsp/removereplace/RemoveReplaceEntry.jsp"
         type="org.kuali.rice.kew.removereplace.web.RemoveReplaceAction" parameter="methodToCall">
         <forward name="basic" path="/WEB-INF/jsp/removereplace/RemoveReplaceEntry.jsp"/>
         <forward name="report" path="/WEB-INF/jsp/removereplace/RemoveReplaceReport.jsp"/>
         <forward name="summary" path="/WEB-INF/jsp/removereplace/RemoveReplaceReport.jsp"/>
         <forward name="docHandler" path="/WEB-INF/jsp/removereplace/RemoveReplaceReport.jsp" />
         <forward name="actionTaken" path="/WEB-INF/jsp/DocHandlerActionTaken.jsp" />
         <forward name="requiredStateError" path="/WEB-INF/jsp/removereplace/RemoveReplaceEntry.jsp"/>
         <forward name="finalStateError" path="/WEB-INF/jsp/removereplace/RemoveReplaceEntry.jsp"/>
       </action>

    </action-mappings>

	<!-- =================== controller definitions ======================== -->
    <controller processorClass="org.kuali.rice.kew.web.StrutsRequestProcessor" />

	<!-- ======== message resource Definitions ======== -->
    <message-resources parameter="org.kuali.rice.kew.ApplicationResources" />

	<!-- ======== plug-in definitions ======== -->
</struts-config>