<?xml version="1.0" encoding="ISO-8859-1" ?>
<!DOCTYPE struts-config PUBLIC "-//Apache Software Foundation//DTD Struts Configuration 1.1//EN" "http://jakarta.apache.org/struts/dtds/struts-config_1_1.dtd">
<struts-config>
    <form-beans >
		<!-- Begin required KNS forms -->
		<form-bean name="KualiForm"
			type="org.kuali.rice.kns.web.struts.form.KualiForm" />
		<!-- End required KNS forms -->
		<form-bean name="MessageQueueForm" type="org.kuali.rice.ksb.messaging.web.MessageQueueForm" />
		<form-bean name="ServiceRegistryForm" type="org.kuali.rice.ksb.messaging.web.ServiceRegistryForm" />
		<form-bean name="ThreadPoolForm" type="org.kuali.rice.ksb.messaging.web.ThreadPoolForm" />
		<form-bean name="QuartzForm" type="org.kuali.rice.ksb.messaging.web.QuartzQueueForm" />
		<form-bean name="JavaSecurityManagementForm" type="org.kuali.rice.ksb.security.admin.web.JavaSecurityManagementForm" />
    </form-beans>

	<global-exceptions>
		<!-- Begin required KNS exceptions -->
		<exception type="java.lang.Throwable"
			handler="org.kuali.rice.kns.web.struts.pojo.StrutsExceptionIncidentHandler"
			key="meaningless" />
		<!-- End required KNS exceptions -->
	</global-exceptions>

	<global-forwards>
		<!-- Begin required KNS forwards -->
		<forward name="save" path="/index.html" redirect="true" />
		<forward name="cancel" path="/index.html" redirect="true" />
		<forward name="close" path="/index.html" redirect="true" />
		<forward name="portal" path="/index.html" redirect="true" />
		<forward name="route_report" path="/WEB-INF/jsp/RoutingReportForward.jsp" />
		<!-- End required KNS forwards -->
	</global-forwards>

	<action-mappings>
		<!-- Rice Pass-through Actions : These delegate to the Rice (kr) struts module -->
        <action path="/kualiExceptionIncidentReport"
                type="org.kuali.rice.kns.web.struts.action.KualiExceptionHandlerAction">
            <forward name="basic" path="/kr/kualiExceptionIncidentReport.do" />
        </action>        
		<!-- End Rice Pass-through Actions -->

		<!--  Required KNS Action Mappings -->
		<action path="/portal" name="KualiForm"
			type="org.kuali.rice.kns.web.struts.action.KualiSimpleAction">
			<forward name="basic" path="/portal.jsp" />
		</action>

		<action path="/index" name="KualiForm"
			type="org.kuali.rice.kns.web.struts.action.KualiSimpleAction">
			<forward name="basic" path="/portal.jsp" />
		</action>
		<!--  End Required KNS Action Mappings -->
		<action path="/MessageQueue" name="MessageQueueForm" scope="request" input="/WEB-INF/jsp/messagequeue/MessageEntry.jsp" validate="false"
			type="org.kuali.rice.ksb.messaging.web.MessageQueueAction" parameter="methodToCall">
			<forward name="report" path="/WEB-INF/jsp/messagequeue/MessageQueue.jsp" />
			<forward name="basic" path="/WEB-INF/jsp/messagequeue/MessageEntry.jsp" />
			<forward name="restart" path="/MessageQueue.do?methodToCall=start" redirect="true" />
			<forward name="payload" path="/WEB-INF/jsp/messagequeue/Message.jsp" />
		</action>

		<action path="/JavaSecurityManagement" name="JavaSecurityManagementForm" scope="request" input="/WEB-INF/jsp/javasecurity/JavaSecurityManagement.jsp" validate="false"
			type="org.kuali.rice.ksb.security.admin.web.JavaSecurityManagementAction" parameter="methodToCall">
			<forward name="report" path="/WEB-INF/jsp/javasecurity/JavaSecurityManagement.jsp" />
			<forward name="restart" path="/JavaSecurityManagement.do?methodToCall=start" redirect="true" />
		</action>

		<action path="/ServiceRegistry" name="ServiceRegistryForm" scope="request" input="/WEB-INF/jsp/registry/ServiceRegistry.jsp" validate="false"
			type="org.kuali.rice.ksb.messaging.web.ServiceRegistryAction" parameter="methodToCall">
			<forward name="basic" path="/WEB-INF/jsp/registry/ServiceRegistry.jsp" />
		</action>

		<action path="/ThreadPool" name="ThreadPoolForm" scope="request" input="/WEB-INF/jsp/threadpool/ThreadPool.jsp" validate="false"
			type="org.kuali.rice.ksb.messaging.web.ThreadPoolAction" parameter="methodToCall">
			<forward name="basic" path="/WEB-INF/jsp/threadpool/ThreadPool.jsp" />
		</action>

		<action path="/Quartz" name="QuartzForm" scope="request" type="org.kuali.rice.ksb.messaging.web.QuartzQueueAction" parameter="methodToCall">
			<forward name="joblisting" path="/WEB-INF/jsp/messagequeue/Quartz.jsp" />
		</action>

	</action-mappings>

	<controller processorClass="org.kuali.rice.ksb.messaging.web.KSBStrutsRequestProcessor" />

	<message-resources parameter="org.kuali.rice.ksb.messaging.web.ApplicationResources" />

</struts-config>