<?xml version="1.0" encoding="UTF-8"?>
<!DOCTYPE beans PUBLIC "-//SPRING//DTD BEAN//EN" "http://www.springframework.org/dtd/spring-beans.dtd">
<!--
  - Application context definition for "notification" DispatcherServlet.
  -->
<beans>
    <bean id="messageSource" class="org.springframework.context.support.ResourceBundleMessageSource">
        <property name="basenames">
            <list>
                <!-- resource for "system" properties that do not need to be internationalized -->
                <value>system-messages</value>
                <!-- resources for textual/ui properties may need to be internationalized -->
                <value>messages</value>
            </list>
        </property>
    </bean>

   <!-- import beans from GlobalResourceLoader -->
   <bean id="notificationAuthorizationService" class="org.kuali.rice.core.resourceloader.ResourceLoaderServiceFactoryBean"/>
   <bean id="notificationService" class="org.kuali.rice.core.resourceloader.ResourceLoaderServiceFactoryBean"/>
   <bean id="notificationWorkflowDocumentService" class="org.kuali.rice.core.resourceloader.ResourceLoaderServiceFactoryBean"/>
   <bean id="notificationChannelService" class="org.kuali.rice.core.resourceloader.ResourceLoaderServiceFactoryBean"/>
   <bean id="notificationRecipientService" class="org.kuali.rice.core.resourceloader.ResourceLoaderServiceFactoryBean"/>
   <bean id="messageContentService" class="org.kuali.rice.core.resourceloader.ResourceLoaderServiceFactoryBean"/>
   <bean id="kenGenericDao" class="org.kuali.rice.core.resourceloader.ResourceLoaderServiceFactoryBean"/>
   <bean id="notificationMessageDeliveryService" class="org.kuali.rice.core.resourceloader.ResourceLoaderServiceFactoryBean"/>
   <bean id="userPreferenceService" class="org.kuali.rice.core.resourceloader.ResourceLoaderServiceFactoryBean"/>
   <bean id="notificationContentTypeService" class="org.kuali.rice.core.resourceloader.ResourceLoaderServiceFactoryBean"/>
   
   <!-- Implement better strategy later -->
   <!-- 
   <bean class="org.kuali.rice.ken.web.spring.ServletConfigPropertyPlaceholderConfigurer"/>
   -->
   <bean class="org.springframework.beans.factory.config.PropertyPlaceholderConfigurer">
     <property name="properties">
       <props>
         <prop key="prefix">/ken</prop>
       </props>
     </property>
   </bean>

   <bean class="org.springframework.web.context.support.ServletContextAttributeExporter">
     <property name="attributes">
       <map>
         <entry>
           <key><value>ken.prefix</value></key>
           <value>${prefix}</value>
         </entry>
       </map>
     </property>
   </bean>

   <!-- View Resolver -->

   <bean id="viewResolver" class="org.springframework.web.servlet.view.InternalResourceViewResolver">
      <property name="viewClass">
         <value>org.springframework.web.servlet.view.JstlView</value>
      </property>
      <property name="prefix">
         <value>${prefix}/WEB-INF/jsp/</value>
      </property>
      <property name="suffix">
         <value>.jsp</value>
      </property>
   </bean>
  

   <!-- mapping for unsecured urls -->

   <bean id="urlMapping" class="org.springframework.web.servlet.handler.SimpleUrlHandlerMapping">
      <property name="interceptors">
            <list>
                <bean class="org.kuali.rice.ken.web.spring.SecurityInterceptor">
                    <property name="notificationAuthorizationService"><ref bean="notificationAuthorizationService"/></property>
                </bean>
            </list>
        </property>
      <property name="mappings">
         <props>
            <prop key="${prefix}/DetailView.form">notificationController</prop>
            <prop key="${prefix}/RemoveNotification.form">notificationController</prop>
            <prop key="${prefix}/DismissMessage.form">notificationController</prop>
            <prop key="${prefix}/ContentTypeManager.form">contentTypeController</prop>
            <prop key="${prefix}/ContentTypeForm.form">contentTypeController</prop>
            <prop key="${prefix}/UpdateContentType.form">contentTypeController</prop>
            <prop key="${prefix}/AddContentType.form">contentTypeController</prop>
            <prop key="${prefix}/DisplayUserPreferences.form">userPreferencesController</prop>
            <prop key="${prefix}/SaveDelivererConfiguration.form">userPreferencesController</prop>
            <prop key="${prefix}/SubscribeToChannel.form">userPreferencesController</prop>
            <prop key="${prefix}/UnsubscribeFromChannel.form">userPreferencesController</prop>

            <prop key="${prefix}/SendSimpleNotificationMessage.form">sendSimpleNotificationMessageController</prop>
            <prop key="${prefix}/SubmitSimpleNotificationMessage.form">sendSimpleNotificationMessageController</prop>
            
            <prop key="${prefix}/SendEventNotificationMessage.form">sendEventNotificationMessageController</prop>
            <prop key="${prefix}/SubmitEventNotificationMessage.form">sendEventNotificationMessageController</prop>
            
            <prop key="${prefix}/AdministerNotificationRequest.form">administerNotificationRequestController</prop>
         </props>
      </property>
   </bean>

   <bean class="org.springframework.web.servlet.handler.SimpleMappingExceptionResolver">
       <property name="defaultErrorView"><value>error</value></property>
   </bean>

   <!-- Multiaction Controllers  -->
    
   <bean name="notificationController" class="org.kuali.rice.ken.web.spring.NotificationController">     
      <property name="methodNameResolver">
         <bean class="org.springframework.web.servlet.mvc.multiaction.PropertiesMethodNameResolver">
            <property name="mappings">
               <props>
                  <prop key="${prefix}/NotificationsSent.form">displayNotificationsSent</prop>
                  <prop key="${prefix}/DetailView.form">displayNotificationDetail</prop>
                  <prop key="${prefix}/RemoveNotification.form">removeNotification</prop>
                  <prop key="${prefix}/DismissMessage.form">dismissMessage</prop>
               </props>
            </property>
         </bean>          
      </property>
      <property name="notificationService"> <ref bean="notificationService"/> </property>
      <property name="messageDeliveryService"> <ref bean="notificationMessageDeliveryService"/> </property>
      <property name="notificationWorkflowDocumentService"><ref bean="notificationWorkflowDocumentService"/></property>      
   </bean> 
   
   <bean name="contentTypeController" class="org.kuali.rice.ken.web.spring.ContentTypeController">     
      <property name="methodNameResolver">
         <bean class="org.springframework.web.servlet.mvc.multiaction.PropertiesMethodNameResolver">
            <property name="mappings">
               <props>
                  <prop key="${prefix}/ContentTypeManager.form">displayContentTypes</prop>
                  <prop key="${prefix}/ContentTypeForm.form">displayContentTypeForm</prop>                  
                  <prop key="${prefix}/AddContentType.form">addContentType</prop>
                  <prop key="${prefix}/UpdateContentType.form">updateContentType</prop>                                
               </props>
            </property>
         </bean>          
      </property>
      <property name="notificationService"> <ref bean="notificationService"/> </property>
      <property name="notificationContentTypeService"> <ref bean="notificationContentTypeService"/> </property>            
      <property name="notificationAuthorizationService"> <ref bean="notificationAuthorizationService"/> </property>            
   </bean>
   
   <bean name="userPreferencesController" class="org.kuali.rice.ken.web.spring.UserPreferencesController">     
      <property name="methodNameResolver">
         <bean class="org.springframework.web.servlet.mvc.multiaction.PropertiesMethodNameResolver">
            <property name="mappings">
               <props>
                  <prop key="${prefix}/DisplayUserPreferences.form">displayUserPreferences</prop>
                  <prop key="${prefix}/DisplayDelivererConfigurationForm.form">displayDelivererConfigurationForm</prop>
                  <prop key="${prefix}/SaveDelivererConfiguration.form">saveDelivererConfiguration</prop>
                  <prop key="${prefix}/SubscribeToChannel.form">subscribeToChannel</prop>
                  <prop key="${prefix}/UnsubscribeFromChannel.form">unsubscribeFromChannel</prop>                                             
               </props>
            </property>
         </bean>          
      </property>
      <property name="notificationChannelService"> <ref bean="notificationChannelService"/> </property>
      <property name="userPreferenceService"> <ref bean="userPreferenceService"/> </property>
           
   </bean>
   
   <bean name="sendSimpleNotificationMessageController" class="org.kuali.rice.ken.web.spring.SendNotificationMessageController">     
      <property name="methodNameResolver">
         <bean class="org.springframework.web.servlet.mvc.multiaction.PropertiesMethodNameResolver">
            <property name="mappings">
               <props>
                  <prop key="${prefix}/SendSimpleNotificationMessage.form">sendSimpleNotificationMessage</prop>
                  <prop key="${prefix}/SubmitSimpleNotificationMessage.form">submitSimpleNotificationMessage</prop>
               </props>
            </property>
         </bean>          
      </property>
      <property name="notificationService"> <ref bean="notificationService"/> </property>
      <property name="notificationWorkflowDocumentService"><ref bean="notificationWorkflowDocumentService"/></property>
      <property name="notificationChannelService"> <ref bean="notificationChannelService"/> </property>
      <property name="notificationRecipientService"> <ref bean="notificationRecipientService"/> </property>
      <property name="messageContentService"> <ref bean="messageContentService"/> </property>
      <property name="businessObjectDao"> <ref bean="kenGenericDao"/> </property>
   </bean>
   
   <bean name="sendEventNotificationMessageController" class="org.kuali.rice.ken.web.spring.SendEventNotificationMessageController">     
      <property name="methodNameResolver">
         <bean class="org.springframework.web.servlet.mvc.multiaction.PropertiesMethodNameResolver">
            <property name="mappings">
               <props>
                  <prop key="${prefix}/SendEventNotificationMessage.form">sendEventNotificationMessage</prop>
                  <prop key="${prefix}/SubmitEventNotificationMessage.form">submitEventNotificationMessage</prop>
               </props>
            </property>
         </bean>          
      </property>
      <property name="notificationService"> <ref bean="notificationService"/> </property>
      <property name="notificationWorkflowDocumentService"><ref bean="notificationWorkflowDocumentService"/></property>
      <property name="notificationChannelService"> <ref bean="notificationChannelService"/> </property>
      <property name="notificationRecipientService"> <ref bean="notificationRecipientService"/> </property>
      <property name="messageContentService"> <ref bean="messageContentService"/> </property>
      <property name="businessObjectDao"> <ref bean="kenGenericDao"/> </property>
   </bean>
   
    <bean name="administerNotificationRequestController" class="org.kuali.rice.ken.web.spring.AdministerNotificationRequestController">
        <property name="messageContentService"><ref bean="messageContentService"/></property>
        <property name="workflowDocumentService"><ref bean="notificationWorkflowDocumentService"/></property>
        <property name="recipientService"><ref bean="notificationRecipientService"/></property>
        <property name="methodNameResolver">
            <bean class="org.springframework.web.servlet.mvc.multiaction.ParameterMethodNameResolver">
                <property name="defaultMethodName" value="view"/>
                <property name="methodParamNames">
                    <list>
                        <value>approve</value>
                        <value>disapprove</value>
                        <value>acknowledge</value>
                    </list>
                </property>
            </bean>
        </property>
    </bean>
</beans>
