<?xml version="1.0" encoding="UTF-8"?>
<!DOCTYPE struts-config PUBLIC "-//Apache Software Foundation//DTD Struts Configuration 1.1//EN" "http://jakarta.apache.org/struts/dtds/struts-config_1_1.dtd">

<struts-config>
    <data-sources />
  
    <form-beans >
	    <form-bean name="QuestionPromptForm" type="org.kuali.rice.kns.web.struts.form.QuestionPromptForm" />
	    <form-bean name="LookupForm" type="org.kuali.rice.kns.web.struts.form.LookupForm" />
		<form-bean name="MultipleValueLookupForm" type="org.kuali.rice.kns.web.struts.form.MultipleValueLookupForm" />
	    <form-bean name="InquiryForm" type="org.kuali.rice.kns.web.struts.form.InquiryForm" />
	    <form-bean name="KualiMaintenanceForm" type="org.kuali.rice.kns.web.struts.form.KualiMaintenanceForm" />
	    <form-bean name="KualiHelpForm" type="org.kuali.rice.kns.web.struts.form.KualiHelpForm" />
        <form-bean name="MultipleValueLookupForm" type="org.kuali.rice.kns.web.struts.form.MultipleValueLookupForm" />
        <form-bean name="KualiForm" type="org.kuali.rice.kns.web.struts.form.KualiForm" />
        <form-bean name="KualiExceptionIncidentForm" type="org.kuali.rice.kns.web.struts.form.KualiExceptionIncidentForm" />
        <form-bean name="DisplayInactivationBlockersForm" type="org.kuali.rice.kns.web.struts.form.DisplayInactivationBlockersForm" />
    </form-beans>

    <global-exceptions>
        <!-- Moved to /kualiExceptionIncidentReport.do -->
        <!--
        <exception type="org.kuali.rice.kns.exception.AuthorizationException" key="meaningless" path="/authorizationException.do" />
        <exception type="org.kuali.rice.kns.exception.DocumentInitiationAuthorizationException" key="meaningless" path="/initiationAuthorizationException.do" />
        <exception type="org.kuali.rice.kns.exception.UnknownDocumentIdException" key="error.document.noLongerExistsInKuali" path="/WEB-INF/jsp/Exception.jsp" />
        <exception type="org.kuali.rice.kns.exception.FileUploadLimitExceededException" key="error.document.attachmentMaximumFileSizeExceeded" path="/WEB-INF/jsp/Exception.jsp" />
        -->
        <exception type="java.lang.Throwable" handler="org.kuali.rice.kns.web.struts.pojo.StrutsExceptionIncidentHandler" key="na"/>
    </global-exceptions>  
    
    <global-forwards >
        <forward name="save" path="/index.jsp" redirect="true" />
        <forward name="cancel" path="/index.jsp" redirect="true" />
        <forward name="close" path="/index.jsp" redirect="true" />
        <forward name="portal" path="/index.jsp" redirect="true" />
        <forward name="route_report" path="/WEB-INF/jsp/RoutingReportForward.jsp"/>
        <forward name="error" path="/WEB-INF/jsp/KualiError.jsp" />
        <forward name="inquiryError" path="/WEB-INF/jsp/KualiInquiryError.jsp" />
        <forward name="exceptionIncidentHandler" path="/kualiExceptionIncidentReport.do" />
        <forward name="updateTextArea" path="/WEB-INF/jsp/TextArea.jsp" />
    </global-forwards>

    <action-mappings>
        <action path="/portal" name="KualiForm" type="org.kuali.rice.kns.web.struts.action.KualiSimpleAction">
            <forward name="basic" path="/index.jsp" />
        </action>
        <action path="/index" name="KualiForm" type="org.kuali.rice.kns.web.struts.action.KualiSimpleAction">
            <forward name="basic" path="/index.jsp" />
        </action>
        <action path="/Exception" name="KualiForm" type="org.kuali.rice.kns.web.struts.action.KualiExceptionAction">
            <forward name="basic" path="/WEB-INF/jsp/Exception.jsp" />
        </action>
        <action path="/authorizationException" name="KualiForm" type="org.kuali.rice.kns.web.struts.action.KualiAuthorizationExceptionAction">
            <forward name="basic" path="/WEB-INF/jsp/authorizationException.jsp" />
        </action>        
        <action path="/initiationAuthorizationException" name="KualiForm" type="org.kuali.rice.kns.web.struts.action.KualiDocumentInitiationAuthorizationExceptionAction">
            <forward name="basic" path="/WEB-INF/jsp/authorizationException.jsp" />
        </action>        
   	    <action path="/lookup" name="LookupForm" scope="request" attribute="KualiForm" parameter="methodToCall" type="org.kuali.rice.kns.web.struts.action.KualiLookupAction">
	        <forward name="basic" path="/WEB-INF/jsp/KualiLookup.jsp" />
	    </action>	     
	    <action path="/multipleValueLookup" name="MultipleValueLookupForm" scope="request" attribute="KualiForm" parameter="methodToCall" type="org.kuali.rice.kns.web.struts.action.KualiMultipleValueLookupAction">
            <set-property property="cancellable" value="true" />
            <forward name="basic" path="/WEB-INF/jsp/KualiMultipleValueLookup.jsp" />
        </action>
	    <action path="/inquiry" name="InquiryForm" scope="request" attribute="KualiForm" parameter="methodToCall" type="org.kuali.rice.kns.web.struts.action.KualiInquiryAction">
	        <forward name="basic" path="/WEB-INF/jsp/KualiInquiry.jsp" />
	    </action>
	    <action path="/maintenance" name="KualiMaintenanceForm" attribute="KualiForm" scope="request" parameter="methodToCall" validate="false" input="/WEB-INF/jsp/KualiMaintenanceDocument.jsp" type="org.kuali.rice.kns.web.struts.action.KualiMaintenanceDocumentAction">
	        <forward name="basic" path="/WEB-INF/jsp/KualiMaintenanceDocument.jsp" />
	    </action>    
	    <action path="/help" name="KualiHelpForm" scope="request" attribute="KualiForm" parameter="methodToCall" type="org.kuali.rice.kns.web.struts.action.KualiHelpAction">
	        <forward name="basic" path="/WEB-INF/jsp/KualiHelp.jsp" />
	    </action>
        <action path="/questionPrompt" name="QuestionPromptForm" scope="request" parameter="methodToCall" type="org.kuali.rice.kns.web.struts.action.QuestionPromptAction">
            <forward name="basic" path="/WEB-INF/jsp/KualiQuestion.jsp" />
        </action>
	    <action path="/directInquiry" name="InquiryForm" scope="request" attribute="KualiForm" parameter="methodToCall" type="org.kuali.rice.kns.web.struts.action.KualiInquiryAction">
	        <forward name="basic" path="/WEB-INF/jsp/KualiDirectInquiry.jsp" />
	    </action>
	    <action path="/inactivationBlockers" name="DisplayInactivationBlockersForm" scope="request" attribute="KualiForm" parameter="methodToCall" type="org.kuali.rice.kns.web.struts.action.DisplayInactivationBlockersAction">
	        <forward name="basic" path="/WEB-INF/jsp/DisplayInactivationBlockers.jsp" />
	    </action>
	    
        <action path="/kualiExceptionIncidentReport"
                name="KualiExceptionIncidentForm"
                attribute="KualiForm"
                type="org.kuali.rice.kns.web.struts.action.KualiExceptionHandlerAction">
            <forward name="basic" path="/WEB-INF/jsp/KualiExceptionIncident.jsp" />
            <forward name="AuthorizationException" path="/authorizationException.do" />
            <forward name="DocumentInitiationAuthorizationException" path="/initiationAuthorizationException.do" />
        </action>        
        <action path="/updateTextArea" name="KualiForm" type="org.kuali.rice.kns.web.struts.action.KualiDocumentActionBase">
            <forward name="basic" path="/WEB-INF/jsp/TextArea.jsp" />
        </action>
    </action-mappings>

    <controller processorClass="org.kuali.rice.kns.web.struts.action.KualiRequestProcessor" />
    <plug-in className="org.kuali.rice.kns.web.struts.pojo.PojoPlugin" />
</struts-config>

